n, m
10, 18
30, 52
50, 134
70, 140
90, 169
110, 311
130, 316
150, 255
170, 419
190, 475
210, 519
230, 921
250, 1084
270, 645
290, 719
310, 1048
330, 1104
350, 920
370, 986
390, 1201
410, 1478
430, 1180
450, 1722
470, 1318
490, 2042
510, 1585
530, 1741
550, 2153
570, 1882
590, 2017
610, 2217
630, 2533
650, 2113
670, 2158
690, 2354
710, 2685
730, 2445
750, 2334
770, 2926
790, 3446
810, 2557
830, 3879
850, 4142
870, 2226
890, 3575
910, 4355
930, 3729
950, 3697
970, 3199
990, 3675
1010, 3792
1030, 3398
1050, 3952
1070, 3862
1090, 5248
1110, 4008
1130, 4763
1150, 4219
1170, 4548
1190, 4179
1210, 4686
1230, 4886
1250, 5029
1270, 4170
1290, 3650
1310, 4923
1330, 4070
1350, 6141
1370, 4291
1390, 6286
1410, 4262
1430, 5608
1450, 4957
1470, 4571
1490, 5385
1510, 4975
1530, 5133
1550, 9411
1570, 5644
1590, 6717
1610, 5668
1630, 6256
1650, 5601
1670, 6788
1690, 5903
1710, 8249
1730, 7473
1750, 8555
1770, 5894
1790, 5743
1810, 6394
1830, 7455
1850, 6989
1870, 8281
1890, 9097
1910, 6925
1930, 6584
1950, 8226
1970, 6900
1990, 8466
2010, 6848
2030, 6735
2050, 8677
2070, 10594
2090, 9086
2110, 12274
2130, 7481
2150, 9736
2170, 10144
2190, 11528
2210, 9296
2230, 9015
2250, 7321
2270, 9376
2290, 8596
2310, 11576
2330, 9383
2350, 11666
2370, 12023
2390, 8958
2410, 10166
2430, 10571
2450, 11181
2470, 11896
2490, 10899
2510, 9806
2530, 8754
2550, 8560
2570, 11011
2590, 10641
2610, 11243
2630, 8493
2650, 10899
2670, 8976
2690, 10423
2710, 13004
2730, 12135
2750, 12299
2770, 10584
2790, 10653
2810, 15789
2830, 12039
2850, 13217
2870, 11984
2890, 13368
2910, 11376
2930, 12188
2950, 10690
2970, 14354
2990, 15818
3010, 12550
3030, 14000
3050, 13169
3070, 12067
3090, 12964
3110, 16111
3130, 13600
3150, 15029
3170, 12355
3190, 13889
3210, 14220
3230, 12763
3250, 12053
3270, 11414
3290, 17287
3310, 13310
3330, 12457
3350, 16104
3370, 14579
3390, 20080
3410, 12067
3430, 14091
3450, 14779
3470, 14147
3490, 16270
3510, 14331
3530, 14121
3550, 17513
3570, 17495
3590, 12967
3610, 17905
3630, 16483
3650, 16703
3670, 18555
3690, 14664
3710, 14029
3730, 16023
3750, 17668
3770, 17441
3790, 22768
3810, 17197
3830, 16677
3850, 18936
3870, 16074
3890, 14794
3910, 16886
3930, 17287
3950, 15071
3970, 18393
3990, 14861
4010, 25865
4030, 15588
4050, 16880
4070, 19622
4090, 15878
4110, 16966
4130, 22228
4150, 18197
4170, 17241
4190, 21109
4210, 18058
4230, 13890
4250, 16173
4270, 16074
4290, 20190
4310, 17293
4330, 20440
4350, 17524
4370, 16798
4390, 25374
4410, 19198
4430, 24508
4450, 20162
4470, 19262
4490, 18182
4510, 20387
4530, 20436
4550, 22945
4570, 19321
4590, 19995
4610, 17941
4630, 25593
4650, 23066
4670, 21538
4690, 19326
4710, 18860
4730, 25369
4750, 30411
4770, 30607
4790, 20234
4810, 26717
4830, 24479
4850, 18036
4870, 18144
4890, 20678
4910, 18738
4930, 19470
4950, 24187
4970, 18813
4990, 19827
5010, 21988
5030, 23537
5050, 20448
5070, 18841
5090, 24950
5110, 22422
5130, 19808
5150, 21734
5170, 21870
5190, 21481
5210, 25363
5230, 19399
5250, 27860
5270, 23133
5290, 21852
5310, 19725
5330, 24145
5350, 23861
5370, 26371
5390, 21280
5410, 23674
5430, 22696
5450, 23892
5470, 24176
5490, 22611
5510, 20056
5530, 27028
5550, 24345
5570, 31222
5590, 28171
5610, 22563
5630, 22436
5650, 27852
5670, 31904
5690, 28181
5710, 30461
5730, 32010
5750, 24038
5770, 30796
5790, 25857
5810, 28958
5830, 29814
5850, 30250
5870, 29443
5890, 22587
5910, 22021
5930, 25819
5950, 23578
5970, 24264
5990, 37591
6010, 26237
6030, 28276
6050, 25827
6070, 26902
6090, 28476
6110, 26582
6130, 27765
6150, 27723
6170, 29703
6190, 28129
6210, 24576
6230, 27445
6250, 30664
6270, 29677
6290, 29638
6310, 33629
6330, 35520
6350, 31073
6370, 30107
6390, 29573
6410, 43202
6430, 26602
6450, 30303
6470, 35745
6490, 33906
6510, 28056
6530, 30409
6550, 28840
6570, 25468
6590, 27927
6610, 30549
6630, 28721
6650, 36603
6670, 27701
6690, 29228
6710, 30278
6730, 30613
6750, 25668
6770, 25033
6790, 40201
6810, 36010
6830, 35708
6850, 36093
6870, 29737
6890, 33283
6910, 36553
6930, 25362
6950, 27106
6970, 33379
6990, 33936
7010, 30680
7030, 27569
7050, 37128
7070, 32020
7090, 34924
7110, 39403
7130, 32235
7150, 30582
7170, 31894
7190, 34999
7210, 33029
7230, 30774
7250, 30693
7270, 30125
7290, 35874
7310, 44072
7330, 30041
7350, 43588
7370, 41362
7390, 30704
7410, 32210
7430, 35662
7450, 30751
7470, 41243
7490, 35458
7510, 33951
7530, 33956
7550, 33293
7570, 41691
7590, 35082
7610, 31611
7630, 36904
7650, 41590
7670, 30092
7690, 30634
7710, 32868
7730, 38821
7750, 31985
7770, 31190
7790, 35228
7810, 32880
7830, 60997
7850, 42645
7870, 40731
7890, 38432
7910, 33525
7930, 34955
7950, 50686
7970, 33421
7990, 31577
8010, 39486
8030, 34866
8050, 32032
8070, 35661
8090, 35521
8110, 43298
8130, 33650
8150, 41737
8170, 40848
8190, 45156
8210, 40701
8230, 36020
8250, 44330
8270, 39068
8290, 42106
8310, 35105
8330, 35394
8350, 34134
8370, 36587
8390, 35103
8410, 34731
8430, 38428
8450, 35141
8470, 38772
8490, 36642
8510, 46041
8530, 36793
8550, 38553
8570, 40459
8590, 35856
8610, 42286
8630, 37434
8650, 44768
8670, 37816
8690, 47866
8710, 43893
8730, 39365
8750, 47601
8770, 39746
8790, 35211
8810, 44470
8830, 44323
8850, 34985
8870, 45150
8890, 38437
8910, 42979
8930, 39494
8950, 57471
8970, 39574
8990, 49171
9010, 45623
9030, 35047
9050, 43064
9070, 41874
9090, 38085
9110, 46113
9130, 57223
9150, 42099
9170, 40450
9190, 38392
9210, 56728
9230, 44894
9250, 43572
9270, 42673
9290, 42910
9310, 45886
9330, 36828
9350, 41324
9370, 42233
9390, 50786
9410, 40679
9430, 39781
9450, 37526
9470, 46425
9490, 50751
9510, 44892
9530, 38534
9550, 40706
9570, 48156
9590, 40739
9610, 42258
9630, 43765
9650, 40653
9670, 43444
9690, 46148
9710, 50745
9730, 43183
9750, 43951
9770, 48045
9790, 57041
9810, 42959
9830, 49028
9850, 41077
9870, 53584
9890, 50313
9910, 50380
9930, 49790
9950, 66028
9970, 42810
9990, 51368
10010, 41925
10030, 48229
10050, 59331
10070, 46656
10090, 57323
10110, 43979
10130, 49852
10150, 41691
10170, 49618
10190, 53467
10210, 49116
10230, 43571
10250, 47574
10270, 49438
10290, 63998
10310, 44979
10330, 46765
10350, 50994
10370, 58894
10390, 52936
10410, 53671
10430, 52070
10450, 43892
10470, 54592
10490, 48832
10510, 54662
10530, 49815
10550, 44873
10570, 49518
10590, 63824
10610, 43171
10630, 50666
10650, 53880
10670, 44715
10690, 48343
10710, 48415
10730, 47575
10750, 57559
10770, 50777
10790, 55825
10810, 49744
10830, 53299
10850, 51113
10870, 60380
10890, 56358
10910, 51564
10930, 67404
10950, 44778
10970, 48682
10990, 51454
11010, 48537
11030, 55946
11050, 56016
11070, 50669
11090, 54968
11110, 55992
11130, 43990
11150, 49799
11170, 64534
11190, 69541
11210, 57451
11230, 73319
11250, 47000
11270, 60310
11290, 58900
11310, 48723
11330, 57639
11350, 51820
11370, 67803
11390, 44965
11410, 51613
11430, 68792
11450, 51949
11470, 72800
11490, 53043
11510, 68837
11530, 60165
11550, 54297
11570, 66440
11590, 63270
11610, 48799
11630, 49942
11650, 66276
11670, 63760
11690, 64448
11710, 53355
11730, 59083
11750, 60079
11770, 56766
11790, 60800
11810, 90483
11830, 50933
11850, 53165
11870, 64747
11890, 50890
11910, 77432
11930, 54654
11950, 46172
11970, 59747
11990, 67339
12010, 59718
12030, 66332
12050, 53947
12070, 58804
12090, 55783
12110, 64917
12130, 56709
12150, 52383
12170, 79142
12190, 52514
12210, 57416
12230, 59388
12250, 50385
12270, 51524
12290, 51523
12310, 51970
12330, 48408
12350, 61317
12370, 69171
12390, 61292
12410, 66025
12430, 59472
12450, 97159
12470, 59162
12490, 65263
12510, 53892
12530, 66137
12550, 70831
12570, 55942
12590, 69498
12610, 54635
12630, 91740
12650, 67038
12670, 59358
12690, 58051
12710, 62686
12730, 67731
12750, 71794
12770, 52759
12790, 70725
12810, 65271
12830, 72546
12850, 63017
12870, 59953
12890, 52490
12910, 59512
12930, 52695
12950, 72647
12970, 65391
12990, 58886
13010, 65599
13030, 68397
13050, 57137
13070, 78650
13090, 71239
13110, 50280
13130, 61848
13150, 51277
13170, 69035
13190, 71431
13210, 65847
13230, 60225
13250, 58517
13270, 71203
13290, 61312
13310, 63620
13330, 65727
13350, 63691
13370, 66656
13390, 60914
13410, 64353
13430, 93422
13450, 58989
13470, 68100
13490, 66653
13510, 64407
13530, 74604
13550, 68845
13570, 57705
13590, 62445
13610, 59549
13630, 86413
13650, 79980
13670, 69960
13690, 54383
13710, 67469
13730, 69992
13750, 57627
13770, 65595
13790, 61119
13810, 60437
13830, 64713
13850, 85099
13870, 76647
13890, 64836
13910, 71608
13930, 62891
13950, 70857
13970, 59342
13990, 79590
14010, 66660
14030, 64407
14050, 80071
14070, 70665
14090, 57011
14110, 131255
14130, 69164
14150, 76603
14170, 76975
14190, 70478
14210, 72507
14230, 63268
14250, 65436
14270, 74531
14290, 68870
14310, 70432
14330, 71029
14350, 75019
14370, 72290
14390, 97901
14410, 67497
14430, 73790
14450, 65938
14470, 67950
14490, 70491
14510, 70810
14530, 60718
14550, 70593
14570, 73887
14590, 75179
14610, 81270
14630, 70222
14650, 87466
14670, 73513
14690, 72952
14710, 71173
14730, 73476
14750, 72597
14770, 69782
14790, 68822
14810, 74340
14830, 66429
14850, 67639
14870, 70721
14890, 72323
14910, 84674
14930, 81623
14950, 75503
14970, 81736
14990, 91199
15010, 79034
15030, 88431
15050, 82189
15070, 85557
15090, 76476
15110, 69458
15130, 71939
15150, 79227
15170, 119985
15190, 73775
15210, 108247
15230, 87984
15250, 68703
15270, 71936
15290, 79406
15310, 88553
15330, 75366
15350, 73193
15370, 64378
15390, 71565
15410, 78235
15430, 66384
15450, 78271
15470, 85260
15490, 93494
15510, 72038
15530, 70746
15550, 65236
15570, 84432
15590, 93892
15610, 79969
15630, 86908
15650, 71493
15670, 86741
15690, 70700
15710, 65172
15730, 79540
15750, 102902
15770, 96424
15790, 68242
15810, 89044
15830, 72679
15850, 82856
15870, 105219
15890, 77972
15910, 63685
15930, 73950
15950, 80748
15970, 80448
15990, 89006
16010, 76537
16030, 88823
16050, 80347
16070, 82266
16090, 67503
16110, 80044
16130, 69405
16150, 93804
16170, 66261
16190, 79805
16210, 84524
16230, 93954
16250, 103420
16270, 83659
16290, 84187
16310, 84394
16330, 71547
16350, 96467
16370, 114832
16390, 89415
16410, 74691
16430, 71851
16450, 75105
16470, 85025
16490, 89245
16510, 84989
16530, 98746
16550, 100712
16570, 92704
16590, 85561
16610, 74787
16630, 94125
16650, 91181
16670, 84536
16690, 96989
16710, 87439
16730, 91655
16750, 74345
16770, 80129
16790, 83936
16810, 82100
16830, 86134
16850, 93250
16870, 83407
16890, 85403
16910, 86085
16930, 79941
16950, 74794
16970, 112598
16990, 100760
17010, 96958
17030, 86259
17050, 83802
17070, 78820
17090, 130457
17110, 107269
17130, 90636
17150, 80462
17170, 89864
17190, 87397
17210, 112502
17230, 91267
17250, 90563
17270, 80737
17290, 89591
17310, 101459
17330, 101579
17350, 80424
17370, 82928
17390, 80735
17410, 73585
17430, 80027
17450, 84523
17470, 92153
17490, 102120
17510, 106168
17530, 83028
17550, 73923
17570, 84309
17590, 107213
17610, 95130
17630, 105314
17650, 94450
17670, 118233
17690, 83260
17710, 94549
17730, 81739
17750, 75948
17770, 95050
17790, 90873
17810, 126990
17830, 84893
17850, 86326
17870, 86264
17890, 83246
17910, 102970
17930, 86792
17950, 88067
17970, 82443
17990, 91138
18010, 97770
18030, 91924
18050, 97532
18070, 99661
18090, 102274
18110, 84311
18130, 82537
18150, 96422
18170, 98660
18190, 88029
18210, 81348
18230, 111615
18250, 85004
18270, 82354
18290, 80611
18310, 87847
18330, 84900
18350, 110472
18370, 87502
18390, 86521
18410, 89724
18430, 103096
18450, 106817
18470, 86530
18490, 98052
18510, 97777
18530, 90336
18550, 95077
18570, 127893
18590, 95637
18610, 84152
18630, 108630
18650, 90153
18670, 124998
18690, 105632
18710, 94085
18730, 101735
18750, 98680
18770, 105346
18790, 109595
18810, 91473
18830, 109246
18850, 132642
18870, 92266
18890, 98829
18910, 96150
18930, 112835
18950, 94880
18970, 106041
18990, 87241
19010, 89486
19030, 124604
19050, 128141
19070, 80379
19090, 108292
19110, 99644
19130, 102707
19150, 82833
19170, 94967
19190, 126712
19210, 102269
19230, 94835
19250, 101398
19270, 101575
19290, 83756
19310, 103313
19330, 91949
19350, 99515
19370, 113642
19390, 103173
19410, 85517
19430, 83132
19450, 88487
19470, 97998
19490, 83849
19510, 102153
19530, 99053
19550, 113537
19570, 150696
19590, 104728
19610, 90596
19630, 94340
19650, 115769
19670, 94331
19690, 102221
19710, 117373
19730, 94389
19750, 100669
19770, 113365
19790, 102645
19810, 88498
19830, 105631
19850, 110627
19870, 110394
19890, 109773
19910, 120738
19930, 85110
19950, 95942
19970, 112213
19990, 117379
20010, 117580
20030, 107520
20050, 104660
20070, 95365
20090, 121621
20110, 110905
20130, 100763
20150, 101796
20170, 106709
20190, 96757
20210, 107025
20230, 106805
20250, 102710
20270, 135191
20290, 97938
20310, 115595
20330, 145728
20350, 103745
20370, 103713
20390, 121081
20410, 108849
20430, 114375
20450, 104491
20470, 136119
20490, 97176
20510, 121791
20530, 125473
20550, 118293
20570, 117729
20590, 109159
20610, 99149
20630, 93304
20650, 116169
20670, 108753
20690, 143404
20710, 115077
20730, 105692
20750, 98049
20770, 101554
20790, 114269
20810, 100924
20830, 88419
20850, 99499
20870, 113674
20890, 101466
20910, 114202
20930, 107967
20950, 121508
20970, 101039
20990, 95929
21010, 104834
21030, 106477
21050, 93125
21070, 106669
21090, 108715
21110, 129699
21130, 107561
21150, 159051
21170, 122990
21190, 119194
21210, 106942
21230, 126550
21250, 105326
21270, 121469
21290, 94287
21310, 115892
21330, 107176
21350, 112046
21370, 120852
21390, 101708
21410, 121453
21430, 108956
21450, 107576
21470, 116719
21490, 89134
21510, 104368
21530, 104711
21550, 131495
21570, 116472
21590, 115266
21610, 100463
21630, 105831
21650, 98709
21670, 116643
21690, 132424
21710, 99195
21730, 103875
21750, 119399
21770, 106095
21790, 104226
21810, 100771
21830, 95977
21850, 153733
21870, 119130
21890, 116930
21910, 104128
21930, 107266
21950, 93001
21970, 176893
21990, 123510
22010, 106445
22030, 107373
22050, 108875
22070, 137612
22090, 103739
22110, 117301
22130, 136816
22150, 117566
22170, 114198
22190, 108861
22210, 133686
22230, 117747
22250, 112638
22270, 137257
22290, 109138
22310, 120159
22330, 111484
22350, 107257
22370, 121186
22390, 143080
22410, 111572
22430, 110912
22450, 119893
22470, 111237
22490, 106010
22510, 111558
22530, 125803
22550, 116066
22570, 110017
22590, 144746
22610, 112168
22630, 113710
22650, 134793
22670, 131319
22690, 124829
22710, 114049
22730, 141076
22750, 108659
22770, 122955
22790, 107300
22810, 103288
22830, 117130
22850, 120872
22870, 141677
22890, 107903
22910, 130810
22930, 114540
22950, 119969
22970, 117115
22990, 118623
23010, 129801
23030, 106954
23050, 130186
23070, 104503
23090, 131169
23110, 136436
23130, 116943
23150, 116912
23170, 170118
23190, 107820
23210, 140748
23230, 105160
23250, 116767
23270, 111167
23290, 132415
23310, 103180
23330, 123330
23350, 136595
23370, 115068
23390, 102299
23410, 121233
23430, 107366
23450, 117568
23470, 133916
23490, 141363
23510, 154482
23530, 126102
23550, 121988
23570, 117719
23590, 125074
23610, 109854
23630, 104676
23650, 126952
23670, 120467
23690, 106747
23710, 112360
23730, 115533
23750, 144552
23770, 139808
23790, 122973
23810, 111920
23830, 145289
23850, 116717
23870, 126842
23890, 123279
23910, 114703
23930, 118247
23950, 128744
23970, 135131
23990, 129518
24010, 105754
24030, 116071
24050, 111594
24070, 140210
24090, 123904
24110, 101346
24130, 154459
24150, 103743
24170, 154852
24190, 142529
24210, 106582
24230, 147790
24250, 125241
24270, 122807
24290, 154209
24310, 121870
24330, 150691
24350, 133980
24370, 159912
24390, 117119
24410, 143328
24430, 132818
24450, 127623
24470, 118524
24490, 126902
24510, 122517
24530, 129070
24550, 116873
24570, 127048
24590, 128693
24610, 121224
24630, 139419
24650, 124643
24670, 133136
24690, 114063
24710, 110984
24730, 127648
24750, 158468
24770, 139092
24790, 178234
24810, 122478
24830, 125500
24850, 127253
24870, 114819
24890, 119902
24910, 124529
24930, 186605
24950, 112851
24970, 122879
24990, 173094
25010, 136864
25030, 123078
25050, 146806
25070, 128765
25090, 188266
25110, 172880
25130, 127004
25150, 120484
25170, 142513
25190, 136777
25210, 130098
25230, 148789
25250, 129302
25270, 137892
25290, 134501
25310, 145454
25330, 130954
25350, 130868
25370, 131183
25390, 128874
25410, 145025
25430, 132421
25450, 161399
25470, 174241
25490, 128569
25510, 147301
25530, 137675
25550, 122679
25570, 144633
25590, 121087
25610, 120940
25630, 153159
25650, 145330
25670, 137315
25690, 133192
25710, 152136
25730, 119594
25750, 162390
25770, 125603
25790, 141713
25810, 124015
25830, 140524
25850, 117087
25870, 145035
25890, 125556
25910, 145154
25930, 121374
25950, 140087
25970, 122039
25990, 155714
26010, 118633
26030, 123122
26050, 131317
26070, 132962
26090, 130132
26110, 162035
26130, 185225
26150, 133685
26170, 149931
26190, 132115
26210, 142026
26230, 140690
26250, 131913
26270, 168259
26290, 128044
26310, 138250
26330, 160752
26350, 164553
26370, 173429
26390, 126370
26410, 148010
26430, 123888
26450, 146211
26470, 141016
26490, 149709
26510, 123531
26530, 152428
26550, 135454
26570, 134704
26590, 137255
26610, 121534
26630, 131056
26650, 140038
26670, 123567
26690, 140619
26710, 125252
26730, 140857
26750, 157023
26770, 129693
26790, 171620
26810, 150368
26830, 129588
26850, 158812
26870, 143735
26890, 179608
26910, 137454
26930, 152753
26950, 144130
26970, 155157
26990, 159569
27010, 150160
27030, 180440
27050, 139287
27070, 162679
27090, 153283
27110, 132581
27130, 141273
27150, 139301
27170, 128941
27190, 176529
27210, 143604
27230, 147297
27250, 132224
27270, 129065
27290, 181655
27310, 157168
27330, 155306
27350, 148099
27370, 135715
27390, 139329
27410, 138026
27430, 145966
27450, 140900
27470, 136079
27490, 200352
27510, 157548
27530, 144476
27550, 179810
27570, 162726
27590, 139344
27610, 158405
27630, 159193
27650, 167755
27670, 138276
27690, 176961
27710, 136491
27730, 152230
27750, 143834
27770, 139434
27790, 169276
27810, 187433
27830, 154704
27850, 139745
27870, 154510
27890, 155312
27910, 175852
27930, 141405
27950, 126987
27970, 160815
27990, 159667
28010, 137302
28030, 149058
28050, 155380
28070, 149253
28090, 216087
28110, 150337
28130, 173274
28150, 135915
28170, 167856
28190, 145942
28210, 165030
28230, 164097
28250, 149012
28270, 144141
28290, 135066
28310, 203243
28330, 130674
28350, 138076
28370, 155569
28390, 144214
28410, 146788
28430, 159350
28450, 157114
28470, 155413
28490, 154836
28510, 128517
28530, 161151
28550, 137461
28570, 151729
28590, 146540
28610, 170289
28630, 138734
28650, 149116
28670, 195836
28690, 152148
28710, 138920
28730, 162416
28750, 161650
28770, 148505
28790, 185271
28810, 157991
28830, 156845
28850, 150349
28870, 139108
28890, 159413
28910, 167779
28930, 150219
28950, 182841
28970, 147936
28990, 146227
29010, 178803
29030, 129899
29050, 172767
29070, 166060
29090, 151872
29110, 138840
29130, 172766
29150, 178616
29170, 178704
29190, 154058
29210, 151042
29230, 172126
29250, 147450
29270, 157074
29290, 144374
29310, 138636
29330, 148049
29350, 174485
29370, 142238
29390, 156305
29410, 213416
29430, 152223
29450, 215203
29470, 169715
29490, 149301
29510, 160324
29530, 160315
29550, 201174
29570, 156494
29590, 157541
29610, 162829
29630, 142593
29650, 173271
29670, 203630
29690, 163205
29710, 184990
29730, 142244
29750, 166921
29770, 140503
29790, 164271
29810, 150966
29830, 141268
29850, 159224
29870, 173770
29890, 178742
29910, 152361
29930, 152830
29950, 173402
29970, 150533
29990, 153703
30010, 163264
30030, 130736
30050, 148169
30070, 152687
30090, 176359
30110, 192303
30130, 163281
30150, 154068
30170, 151962
30190, 158482
30210, 157683
30230, 165076
30250, 179014
30270, 151327
30290, 159417
30310, 132303
30330, 189367
30350, 186046
30370, 147244
30390, 154690
30410, 183110
30430, 165843
30450, 181842
30470, 204276
30490, 184747
30510, 182440
30530, 171843
30550, 152012
30570, 179587
30590, 140648
30610, 161401
30630, 153722
30650, 164687
30670, 157382
30690, 157079
30710, 201701
30730, 169534
30750, 157702
30770, 158099
30790, 149059
30810, 175053
30830, 216744
30850, 141377
30870, 186150
30890, 142997
30910, 150337
30930, 172734
30950, 170351
30970, 178314
30990, 181880
31010, 194803
31030, 164512
31050, 173021
31070, 164539
31090, 142517
31110, 189780
31130, 170583
31150, 158321
31170, 178587
31190, 172663
31210, 170092
31230, 174741
31250, 156906
31270, 162419
31290, 165457
31310, 187914
31330, 173335
31350, 146613
31370, 166165
31390, 198396
31410, 146625
31430, 149374
31450, 187936
31470, 196295
31490, 142246
31510, 166251
31530, 154395
31550, 170877
31570, 174808
31590, 168032
31610, 192094
31630, 155820
31650, 166231
31670, 148790
31690, 174769
31710, 181626
31730, 148860
31750, 171824
31770, 145464
31790, 161486
31810, 179604
31830, 197878
31850, 186883
31870, 173409
31890, 187960
31910, 138699
31930, 160963
31950, 165225
31970, 220511
31990, 234987
32010, 165226
32030, 166308
32050, 161518
32070, 169994
32090, 150550
32110, 223667
32130, 208238
32150, 164897
32170, 161637
32190, 163340
32210, 185224
32230, 158550
32250, 152817
32270, 168426
32290, 181168
32310, 150933
32330, 193001
32350, 145339
32370, 147569
32390, 191395
32410, 160021
32430, 178580
32450, 178970
32470, 176928
32490, 181918
32510, 157727
32530, 161538
32550, 157703
32570, 173800
32590, 179640
32610, 175749
32630, 144987
32650, 165153
32670, 198898
32690, 145897
32710, 179317
32730, 158891
32750, 161056
32770, 158709
32790, 183453
32810, 153560
32830, 178850
32850, 234130
32870, 194119
32890, 183015
32910, 143139
32930, 160273
32950, 207555
32970, 167071
32990, 187472
33010, 182371
33030, 215352
33050, 167552
33070, 183163
33090, 166406
33110, 168220
33130, 194327
33150, 171469
33170, 188047
33190, 157627
33210, 181302
33230, 179824
33250, 178007
33270, 191179
33290, 212536
33310, 187057
33330, 198627
33350, 193069
33370, 201487
33390, 193351
33410, 205796
33430, 219066
33450, 178764
33470, 164990
33490, 179689
33510, 184388
33530, 219326
33550, 213559
33570, 208420
33590, 155509
33610, 198590
33630, 167924
33650, 188423
33670, 207281
33690, 170888
33710, 214707
33730, 152679
33750, 161648
33770, 202231
33790, 163029
33810, 181710
33830, 171822
33850, 181869
33870, 159518
33890, 158780
33910, 200394
33930, 191456
33950, 220855
33970, 195849
33990, 185218
34010, 158032
34030, 183300
34050, 166078
34070, 180307
34090, 175773
34110, 200108
34130, 177748
34150, 192319
34170, 224862
34190, 170280
34210, 203712
34230, 176723
34250, 171515
34270, 170289
34290, 182588
34310, 198487
34330, 168395
34350, 213697
34370, 163162
34390, 196175
34410, 178569
34430, 223168
34450, 229656
34470, 183380
34490, 242552
34510, 242314
34530, 156062
34550, 190062
34570, 170826
34590, 190141
34610, 182078
34630, 163053
34650, 207624
34670, 204406
34690, 189628
34710, 222397
34730, 179477
34750, 208219
34770, 170148
34790, 225001
34810, 185354
34830, 182213
34850, 173799
34870, 178639
34890, 201037
34910, 180337
34930, 212939
34950, 175560
34970, 193069
34990, 172159
35010, 219511
35030, 197419
35050, 183988
35070, 167569
35090, 192845
35110, 213211
35130, 189867
35150, 165073
35170, 179278
35190, 214288
35210, 287427
35230, 181071
35250, 220989
35270, 221259
35290, 177753
35310, 194966
35330, 166414
35350, 221779
35370, 193351
35390, 242132
35410, 217474
35430, 181937
35450, 255644
35470, 195034
35490, 210152
35510, 190832
35530, 178025
35550, 198050
35570, 229672
35590, 176054
35610, 176457
35630, 224635
35650, 191304
35670, 195011
35690, 257748
35710, 203875
35730, 215830
35750, 176838
35770, 196959
35790, 211370
35810, 202984
35830, 169484
35850, 170798
35870, 184751
35890, 222327
35910, 276531
35930, 223221
35950, 212206
35970, 199423
35990, 221918
36010, 200501
36030, 216756
36050, 190804
36070, 189051
36090, 185065
36110, 187577
36130, 256997
36150, 187731
36170, 183523
36190, 178265
36210, 189331
36230, 185188
36250, 167359
36270, 177241
36290, 195387
36310, 206320
36330, 181465
36350, 197499
36370, 181814
36390, 211334
36410, 263856
36430, 239248
36450, 179202
36470, 263075
36490, 182594
36510, 187632
36530, 250462
36550, 191323
36570, 230744
36590, 187109
36610, 291469
36630, 210570
36650, 232770
36670, 227147
36690, 180774
36710, 205248
36730, 175584
36750, 206432
36770, 186927
36790, 192016
36810, 251987
36830, 208111
36850, 208668
36870, 196041
36890, 200225
36910, 185825
36930, 180834
36950, 215263
36970, 198863
36990, 201892
37010, 224545
37030, 194729
37050, 236287
37070, 194248
37090, 277492
37110, 189271
37130, 174266
37150, 184592
37170, 235404
37190, 199128
37210, 211973
37230, 236732
37250, 221710
37270, 175396
37290, 196619
37310, 243645
37330, 204069
37350, 267561
37370, 209887
37390, 181439
37410, 213337
37430, 259698
37450, 221652
37470, 220640
37490, 202747
37510, 202572
37530, 215527
37550, 221092
37570, 221458
37590, 204808
37610, 199402
37630, 209438
37650, 228615
37670, 244100
37690, 222863
37710, 211282
37730, 216529
37750, 222879
37770, 240437
37790, 183621
37810, 207865
37830, 183307
37850, 189252
37870, 198922
37890, 215919
37910, 207680
37930, 199299
37950, 212350
37970, 226086
37990, 242434
38010, 225188
38030, 206984
38050, 217066
38070, 217071
38090, 211870
38110, 220830
38130, 176677
38150, 244142
38170, 217527
38190, 213619
38210, 210155
38230, 235302
38250, 200269
38270, 227241
38290, 221507
38310, 247394
38330, 200801
38350, 218223
38370, 218534
38390, 175758
38410, 269337
38430, 168577
38450, 193450
38470, 190653
38490, 185388
38510, 192231
38530, 203494
38550, 207351
38570, 236929
38590, 177856
38610, 182203
38630, 220544
38650, 243456
38670, 248649
38690, 187315
38710, 200120
38730, 178405
38750, 256134
38770, 180068
38790, 223754
38810, 251957
38830, 189009
38850, 242650
38870, 215145
38890, 201993
38910, 221996
38930, 192029
38950, 224792
38970, 209310
38990, 237118
39010, 215743
39030, 221959
39050, 218266
39070, 206045
39090, 218135
39110, 249622
39130, 247130
39150, 201917
39170, 209457
39190, 227394
39210, 207574
39230, 205162
39250, 178124
39270, 209233
39290, 303222
39310, 191622
39330, 250041
39350, 233621
39370, 219923
39390, 194379
39410, 193546
39430, 227214
39450, 224027
39470, 211966
39490, 205226
39510, 245428
39530, 210002
39550, 198717
39570, 213409
39590, 199630
39610, 197490
39630, 272368
39650, 216216
39670, 210949
39690, 230313
39710, 184629
39730, 243566
39750, 215408
39770, 248757
39790, 220249
39810, 281780
39830, 209646
39850, 225582
39870, 289381
39890, 226863
39910, 190784
39930, 208234
39950, 221066
39970, 209379
39990, 201253
40010, 224819
40030, 201913
40050, 230302
40070, 185578
40090, 229666
40110, 211140
40130, 230022
40150, 194170
40170, 230513
40190, 220408
40210, 224123
40230, 254719
40250, 222818
40270, 241188
40290, 208449
40310, 223597
40330, 204794
40350, 180086
40370, 192399
40390, 186109
40410, 249609
40430, 200588
40450, 223224
40470, 219910
40490, 231724
40510, 194206
40530, 250105
40550, 209382
40570, 221874
40590, 232460
40610, 220545
40630, 229525
40650, 220712
40670, 250831
40690, 243931
40710, 241534
40730, 206174
40750, 209888
40770, 203394
40790, 207803
40810, 219185
40830, 238194
40850, 231137
40870, 229505
40890, 186496
40910, 213922
40930, 229517
40950, 231623
40970, 208705
40990, 214517
41010, 213720
41030, 190331
41050, 235561
41070, 215130
41090, 261523
41110, 241087
41130, 230978
41150, 210457
41170, 207752
41190, 218589
41210, 269649
41230, 203389
41250, 288317
41270, 219626
41290, 215810
41310, 221844
41330, 194548
41350, 224301
41370, 232220
41390, 199086
41410, 199878
41430, 212757
41450, 227489
41470, 198762
41490, 202072
41510, 224683
41530, 235249
41550, 201288
41570, 234348
41590, 254610
41610, 193795
41630, 231515
41650, 231251
41670, 211284
41690, 230313
41710, 273560
41730, 248885
41750, 324437
41770, 225391
41790, 209513
41810, 232156
41830, 221255
41850, 246189
41870, 226787
41890, 228908
41910, 238428
41930, 302972
41950, 213189
41970, 345888
41990, 247898
42010, 192392
42030, 217615
42050, 259615
42070, 218580
42090, 249403
42110, 254475
42130, 196010
42150, 212932
42170, 225413
42190, 210371
42210, 202910
42230, 213769
42250, 215718
42270, 221370
42290, 240672
42310, 280044
42330, 240165
42350, 260918
42370, 221046
42390, 235747
42410, 253784
42430, 325241
42450, 240729
42470, 217259
42490, 224734
42510, 254159
42530, 309540
42550, 252429
42570, 236809
42590, 211549
42610, 253921
42630, 270803
42650, 213295
42670, 260513
42690, 224249
42710, 224439
42730, 262593
42750, 309659
42770, 224512
42790, 238924
42810, 226178
42830, 216257
42850, 238133
42870, 235764
42890, 239630
42910, 226209
42930, 247420
42950, 306684
42970, 257403
42990, 250345
43010, 245788
43030, 244225
43050, 239106
43070, 241269
43090, 225402
43110, 251077
43130, 268744
43150, 239321
43170, 236370
43190, 228039
43210, 260741
43230, 225425
43250, 258291
43270, 207515
43290, 269185
43310, 252034
43330, 232192
43350, 231545
43370, 245804
43390, 261793
43410, 243409
43430, 226529
43450, 269990
43470, 262374
43490, 263408
43510, 235829
43530, 236404
43550, 233385
43570, 256746
43590, 246514
43610, 278344
43630, 210095
43650, 258482
43670, 296263
43690, 242759
43710, 227161
43730, 292399
43750, 220951
43770, 249609
43790, 256385
43810, 235810
43830, 267719
43850, 224785
43870, 236108
43890, 265933
43910, 257196
43930, 231877
43950, 262302
43970, 301788
43990, 252473
44010, 211680
44030, 231413
44050, 237547
44070, 244173
44090, 290397
44110, 252344
44130, 261072
44150, 235413
44170, 285160
44190, 216245
44210, 230785
44230, 249680
44250, 254778
44270, 242018
44290, 272167
44310, 253314
44330, 264693
44350, 209776
44370, 256505
44390, 260326
44410, 224016
44430, 251780
44450, 220706
44470, 257731
44490, 322719
44510, 305078
44530, 287657
44550, 305692
44570, 244517
44590, 265255
44610, 249809
44630, 269031
44650, 274673
44670, 272776
44690, 229301
44710, 244741
44730, 239578
44750, 228733
44770, 251069
44790, 237164
44810, 272140
44830, 221197
44850, 286416
44870, 226166
44890, 275037
44910, 219540
44930, 234432
44950, 230115
44970, 246680
44990, 258796
45010, 248693
45030, 294288
45050, 264139
45070, 258011
45090, 257051
45110, 210462
45130, 230952
45150, 222797
45170, 265174
45190, 239794
45210, 230296
45230, 318239
45250, 290555
45270, 248546
45290, 306328
45310, 278522
45330, 257201
45350, 260639
45370, 252322
45390, 227172
45410, 274328
45430, 300306
45450, 221826
45470, 220203
45490, 234415
45510, 262006
45530, 333615
45550, 368655
45570, 279351
45590, 238607
45610, 268561
45630, 303333
45650, 237083
45670, 265342
45690, 314608
45710, 266384
45730, 238815
45750, 297759
45770, 274364
45790, 234463
45810, 268434
45830, 233708
45850, 269259
45870, 288863
45890, 275116
45910, 261123
45930, 227243
45950, 304660
45970, 226567
45990, 221944
46010, 232281
46030, 244361
46050, 221962
46070, 312424
46090, 297889
46110, 248937
46130, 276569
46150, 250857
46170, 232060
46190, 242918
46210, 255431
46230, 233108
46250, 317850
46270, 231523
46290, 242729
46310, 221026
46330, 279535
46350, 244138
46370, 264212
46390, 233385
46410, 268574
46430, 247370
46450, 309021
46470, 264057
46490, 215185
46510, 319612
46530, 232160
46550, 223043
46570, 310206
46590, 296178
46610, 298338
46630, 272184
46650, 255016
46670, 265923
46690, 267563
46710, 314083
46730, 232476
46750, 240223
46770, 242505
46790, 283466
46810, 250645
46830, 260942
46850, 336061
46870, 235171
46890, 241422
46910, 231866
46930, 258530
46950, 240490
46970, 295289
46990, 279162
47010, 250798
47030, 244159
47050, 265357
47070, 296623
47090, 235594
47110, 319496
47130, 286152
47150, 267342
47170, 242064
47190, 283528
47210, 274166
47230, 261941
47250, 285256
47270, 281456
47290, 252273
47310, 263115
47330, 256021
47350, 253727
47370, 225494
47390, 231705
47410, 258649
47430, 284060
47450, 221800
47470, 251002
47490, 278908
47510, 241925
47530, 283820
47550, 253687
47570, 291473
47590, 264485
47610, 266056
47630, 267835
47650, 282002
47670, 247722
47690, 262844
47710, 279607
47730, 277137
47750, 299231
47770, 254840
47790, 272000
47810, 256996
47830, 240494
47850, 319590
47870, 265052
47890, 306587
47910, 240936
47930, 242682
47950, 240138
47970, 233253
47990, 272791
48010, 280321
48030, 264140
48050, 234906
48070, 269677
48090, 319971
48110, 253343
48130, 275427
48150, 308898
48170, 304644
48190, 244061
48210, 243949
48230, 255812
48250, 281691
48270, 293487
48290, 317222
48310, 251640
48330, 272639
48350, 317847
48370, 249808
48390, 246752
48410, 285088
48430, 241620
48450, 383897
48470, 303900
48490, 278383
48510, 246627
48530, 268848
48550, 238272
48570, 257398
48590, 261539
48610, 237972
48630, 323220
48650, 237275
48670, 272987
48690, 237438
48710, 279693
48730, 254527
48750, 305402
48770, 239039
48790, 280544
48810, 286384
48830, 258246
48850, 278161
48870, 306025
48890, 266762
48910, 281362
48930, 232183
48950, 234730
48970, 295913
48990, 264305
49010, 261237
49030, 281463
49050, 304013
49070, 257398
49090, 246113
49110, 291075
49130, 253483
49150, 251239
49170, 283588
49190, 279495
49210, 252643
49230, 305770
49250, 299462
49270, 276611
49290, 319470
49310, 288735
49330, 282392
49350, 251936
49370, 277089
49390, 287059
49410, 259791
49430, 311579
49450, 312074
49470, 255936
49490, 334310
49510, 287602
49530, 266509
49550, 243985
49570, 344998
49590, 257700
49610, 302947
49630, 284194
49650, 349935
49670, 320600
49690, 350587
49710, 255372
49730, 294069
49750, 299310
49770, 283574
49790, 247755
49810, 244261
49830, 255477
49850, 254892
49870, 273584
49890, 235393
49910, 288816
49930, 254289
49950, 275588
49970, 303367
49990, 258456
50010, 298221
50030, 275683
50050, 239999
50070, 260802
50090, 277294
50110, 285954
50130, 246985
50150, 353812
50170, 249259
50190, 300625
50210, 310068
50230, 261337
50250, 265336
50270, 253158
50290, 314293
50310, 338388
50330, 259832
50350, 289402
50370, 263975
50390, 304031
50410, 374255
50430, 279565
50450, 266398
50470, 307402
50490, 263326
50510, 333385
50530, 288604
50550, 267876
50570, 274037
50590, 313530
50610, 272151
50630, 261771
50650, 281753
50670, 388656
50690, 264614
50710, 271752
50730, 354452
50750, 311436
50770, 281725
50790, 312920
50810, 288688
50830, 270219
50850, 258431
50870, 297889
50890, 279021
50910, 245771
50930, 345534
50950, 267034
50970, 257125
50990, 340051
51010, 303027
51030, 269334
51050, 253681
51070, 280904
51090, 270251
51110, 300809
51130, 255815
51150, 267080
51170, 290615
51190, 268789
51210, 321552
51230, 300743
51250, 243920
51270, 289241
51290, 247501
51310, 292074
51330, 316878
51350, 287024
51370, 245377
51390, 291091
51410, 332961
51430, 307048
51450, 433736
51470, 323524
51490, 297608
51510, 262064
51530, 275381
51550, 289338
51570, 261653
51590, 252509
51610, 292242
51630, 277501
51650, 287682
51670, 291998
51690, 304910
51710, 300520
51730, 290327
51750, 280874
51770, 343947
51790, 320260
51810, 257987
51830, 299345
51850, 250827
51870, 322171
51890, 273419
51910, 323761
51930, 303657
51950, 310840
51970, 283646
51990, 278285
52010, 335252
52030, 278177
52050, 288356
52070, 312980
52090, 312440
52110, 296179
52130, 324987
52150, 303201
52170, 312541
52190, 281195
52210, 374930
52230, 354781
52250, 302017
52270, 249579
52290, 362065
52310, 335842
52330, 289643
52350, 272809
52370, 301377
52390, 292368
52410, 303521
52430, 308699
52450, 284264
52470, 300998
52490, 307457
52510, 267349
52530, 281065
52550, 374629
52570, 265331
52590, 344512
52610, 291287
52630, 283659
52650, 387345
52670, 289716
52690, 304778
52710, 312266
52730, 325220
52750, 319143
52770, 298932
52790, 307050
52810, 284941
52830, 298390
52850, 296924
52870, 296914
52890, 372636
52910, 345595
52930, 336943
52950, 294669
52970, 312644
52990, 345916
53010, 303187
53030, 269344
53050, 280310
53070, 268602
53090, 306910
53110, 345761
53130, 347484
53150, 279761
53170, 383073
53190, 267380
53210, 291406
53230, 371768
53250, 378977
53270, 262036
53290, 297903
53310, 276584
53330, 320112
53350, 304952
53370, 298019
53390, 313364
53410, 310514
53430, 304337
53450, 382913
53470, 314311
53490, 301015
53510, 262707
53530, 338515
53550, 346453
53570, 369706
53590, 288896
53610, 288169
53630, 277248
53650, 257050
53670, 284722
53690, 286786
53710, 330971
53730, 302335
53750, 284232
53770, 353160
53790, 308595
53810, 297389
53830, 330047
53850, 306864
53870, 335438
53890, 370657
53910, 280061
53930, 301684
53950, 359440
53970, 299438
53990, 318972
54010, 267583
54030, 295114
54050, 326174
54070, 317506
54090, 295661
54110, 299646
54130, 270372
54150, 299567
54170, 270754
54190, 298482
54210, 322111
54230, 294232
54250, 309656
54270, 337154
54290, 300218
54310, 356232
54330, 409349
54350, 317745
54370, 331647
54390, 311228
54410, 323312
54430, 278960
54450, 322161
54470, 295308
54490, 302717
54510, 319063
54530, 300709
54550, 354873
54570, 277434
54590, 303289
54610, 316997
54630, 293417
54650, 330923
54670, 296670
54690, 378417
54710, 322910
54730, 283076
54750, 335090
54770, 304781
54790, 342919
54810, 328274
54830, 373039
54850, 283183
54870, 291021
54890, 337820
54910, 279003
54930, 297332
54950, 284061
54970, 307308
54990, 321215
55010, 333772
55030, 285061
55050, 325474
55070, 316482
55090, 337172
55110, 295839
55130, 306129
55150, 312958
55170, 291373
55190, 297175
55210, 292161
55230, 303147
55250, 275152
55270, 307680
55290, 312427
55310, 392566
55330, 317024
55350, 452637
55370, 328024
55390, 281687
55410, 313873
55430, 302721
55450, 336956
55470, 270055
55490, 327252
55510, 302573
55530, 291742
55550, 348931
55570, 330699
55590, 352980
55610, 266878
55630, 305488
55650, 283753
55670, 289833
55690, 394335
55710, 365346
55730, 344188
55750, 368428
55770, 309655
55790, 319628
55810, 332050
55830, 309937
55850, 316478
55870, 362356
55890, 335156
55910, 299982
55930, 354922
55950, 355040
55970, 398811
55990, 275971
56010, 283798
56030, 347126
56050, 418724
56070, 336943
56090, 333926
56110, 296889
56130, 392615
56150, 304370
56170, 289454
56190, 317435
56210, 315068
56230, 292100
56250, 409545
56270, 312118
56290, 312837
56310, 276194
56330, 279562
56350, 297112
56370, 377806
56390, 281750
56410, 308123
56430, 319633
56450, 360753
56470, 279556
56490, 299340
56510, 327478
56530, 343985
56550, 376558
56570, 303212
56590, 272835
56610, 324330
56630, 297404
56650, 296583
56670, 339038
56690, 353245
56710, 443980
56730, 358597
56750, 347903
56770, 291448
56790, 302200
56810, 408110
56830, 304377
56850, 358048
56870, 304217
56890, 314222
56910, 322617
56930, 385761
56950, 286089
56970, 333528
56990, 326032
57010, 326442
57030, 276125
57050, 364683
57070, 320556
57090, 331776
57110, 303962
57130, 349027
57150, 341112
57170, 410459
57190, 431223
57210, 368755
57230, 298990
57250, 268959
57270, 285119
57290, 325700
57310, 315028
57330, 362900
57350, 368512
57370, 331360
57390, 293898
57410, 399220
57430, 396564
57450, 402556
57470, 281073
57490, 278240
57510, 316276
57530, 370770
57550, 345204
57570, 322935
57590, 292746
57610, 269452
57630, 331521
57650, 394346
57670, 387993
57690, 308201
57710, 301127
57730, 320375
57750, 307945
57770, 337523
57790, 298771
57810, 328339
57830, 384099
57850, 316882
57870, 320297
57890, 343259
57910, 268601
57930, 368356
57950, 366637
57970, 446745
57990, 335881
58010, 302865
58030, 388202
58050, 322223
58070, 385386
58090, 323139
58110, 284200
58130, 391702
58150, 319940
58170, 298743
58190, 392539
58210, 347580
58230, 286420
58250, 296247
58270, 311172
58290, 346510
58310, 339502
58330, 325320
58350, 316635
58370, 366431
58390, 376768
58410, 366595
58430, 337146
58450, 327022
58470, 337569
58490, 327541
58510, 358074
58530, 318761
58550, 339934
58570, 292431
58590, 299206
58610, 352613
58630, 300172
58650, 391841
58670, 368291
58690, 366229
58710, 335695
58730, 341299
58750, 289393
58770, 341316
58790, 350013
58810, 325641
58830, 436663
58850, 311325
58870, 271445
58890, 329726
58910, 404686
58930, 336584
58950, 340910
58970, 318670
58990, 508084
59010, 329163
59030, 332982
59050, 332308
59070, 321763
59090, 303382
59110, 355308
59130, 301432
59150, 417032
59170, 382316
59190, 368722
59210, 360681
59230, 305927
59250, 287831
59270, 315045
59290, 345991
59310, 309644
59330, 417557
59350, 348371
59370, 342906
59390, 339494
59410, 581726
59430, 308006
59450, 399004
59470, 392249
59490, 386892
59510, 338847
59530, 321440
59550, 388116
59570, 314558
59590, 354546
59610, 309988
59630, 341029
59650, 380939
59670, 373902
59690, 357755
59710, 325530
59730, 329597
59750, 324010
59770, 348128
59790, 308489
59810, 316704
59830, 420008
59850, 307610
59870, 347241
59890, 340993
59910, 370909
59930, 316204
59950, 361186
59970, 342064
59990, 329548
60010, 340961
60030, 285330
60050, 409378
60070, 364279
60090, 337219
60110, 355202
60130, 336606
60150, 357732
60170, 429485
60190, 324531
60210, 332607
60230, 399701
60250, 340261
60270, 341999
60290, 315073
60310, 302665
60330, 327919
60350, 364259
60370, 297322
60390, 334863
60410, 365944
60430, 359929
60450, 286876
60470, 322236
60490, 331656
60510, 392823
60530, 349796
60550, 298682
60570, 335808
60590, 454458
60610, 394910
60630, 353938
60650, 335757
60670, 418611
60690, 286596
60710, 301982
60730, 344424
60750, 323949
60770, 343385
60790, 342319
60810, 360786
60830, 303094
60850, 295115
60870, 429875
60890, 353689
60910, 355906
60930, 305791
60950, 347554
60970, 307604
60990, 324102
61010, 314390
61030, 369137
61050, 319838
61070, 351287
61090, 366367
61110, 364427
61130, 508270
61150, 348178
61170, 334662
61190, 399746
61210, 358545
61230, 327350
61250, 304618
61270, 302699
61290, 378227
61310, 332186
61330, 376674
61350, 407680
61370, 346928
61390, 340078
61410, 371098
61430, 391034
61450, 392259
61470, 348880
61490, 328196
61510, 342764
61530, 405051
61550, 333705
61570, 336743
61590, 398516
61610, 463049
61630, 341753
61650, 378512
61670, 332238
61690, 375609
61710, 331444
61730, 346398
61750, 339798
61770, 326149
61790, 392757
61810, 340865
61830, 362649
61850, 338954
61870, 362172
61890, 410731
61910, 340866
61930, 378671
61950, 337003
61970, 339098
61990, 346898
62010, 354653
62030, 343233
62050, 457937
62070, 349061
62090, 389837
62110, 342572
62130, 368596
62150, 365958
62170, 454137
62190, 333707
62210, 358459
62230, 355606
62250, 367382
62270, 327682
62290, 351802
62310, 384390
62330, 298297
62350, 350212
62370, 323858
62390, 500076
62410, 348631
62430, 363841
62450, 409587
62470, 318728
62490, 327897
62510, 437680
62530, 297431
62550, 356413
62570, 318470
62590, 340393
62610, 353661
62630, 438768
62650, 358590
62670, 399598
62690, 393075
62710, 511381
62730, 315148
62750, 446095
62770, 305800
62790, 336669
62810, 363012
62830, 365228
62850, 430905
62870, 317261
62890, 361464
62910, 336597
62930, 352296
62950, 409633
62970, 376594
62990, 360828
63010, 412059
63030, 377257
63050, 326241
63070, 329950
63090, 357698
63110, 357194
63130, 410773
63150, 347468
63170, 350145
63190, 387425
63210, 332957
63230, 435255
63250, 428000
63270, 324698
63290, 353633
63310, 383686
63330, 316719
63350, 318684
63370, 334920
63390, 358882
63410, 377445
63430, 323309
63450, 518814
63470, 328441
63490, 365845
63510, 359525
63530, 501663
63550, 319125
63570, 304460
63590, 366767
63610, 330997
63630, 329908
63650, 363037
63670, 344209
63690, 379949
63710, 388877
63730, 303480
63750, 393360
63770, 379812
63790, 359790
63810, 389512
63830, 338569
63850, 381260
63870, 431875
63890, 334794
63910, 326019
63930, 354660
63950, 363021
63970, 342197
63990, 397137
64010, 326801
64030, 420902
64050, 363037
64070, 345456
64090, 403150
64110, 341108
64130, 337720
64150, 347883
64170, 378718
64190, 386299
64210, 300380
64230, 386601
64250, 346999
64270, 343128
64290, 395980
64310, 365688
64330, 351596
64350, 368814
64370, 410171
64390, 379698
64410, 385030
64430, 411383
64450, 364787
64470, 347535
64490, 370277
64510, 430525
64530, 339775
64550, 327798
64570, 379685
64590, 444369
64610, 307697
64630, 381123
64650, 490949
64670, 413730
64690, 424808
64710, 402088
64730, 371626
64750, 406696
64770, 345279
64790, 379829
64810, 372215
64830, 387141
64850, 499585
64870, 325800
64890, 347386
64910, 388400
64930, 305531
64950, 335350
64970, 423650
64990, 410370
65010, 321066
65030, 401507
65050, 369543
65070, 391145
65090, 375030
65110, 355046
65130, 336337
65150, 341411
65170, 395103
65190, 334034
65210, 502715
65230, 370452
65250, 327390
65270, 347797
65290, 327810
65310, 377530
65330, 392981
65350, 338957
65370, 368931
65390, 317792
65410, 357278
65430, 390483
65450, 400693
65470, 329857
65490, 376294
65510, 398689
65530, 394669
65550, 346513
65570, 409832
65590, 343178
65610, 349522
65630, 350336
65650, 378702
65670, 340095
65690, 359940
65710, 425588
65730, 392313
65750, 438166
65770, 389586
65790, 347483
65810, 374309
65830, 429250
65850, 370211
65870, 392917
65890, 363336
65910, 381993
65930, 312452
65950, 353918
65970, 342806
65990, 516973
66010, 472143
66030, 376617
66050, 456521
66070, 403834
66090, 343606
66110, 359320
66130, 442688
66150, 445336
66170, 385695
66190, 388465
66210, 377875
66230, 388428
66250, 343822
66270, 404560
66290, 395641
66310, 390538
66330, 315344
66350, 379494
66370, 374263
66390, 358812
66410, 394957
66430, 382901
66450, 327963
66470, 350665
66490, 467378
66510, 410791
66530, 372167
66550, 329997
66570, 389767
66590, 358144
66610, 361619
66630, 382041
66650, 317945
66670, 322445
66690, 385512
66710, 418180
66730, 337355
66750, 425074
66770, 439313
66790, 400735
66810, 359397
66830, 459878
66850, 384316
66870, 374165
66890, 379206
66910, 355667
66930, 398444
66950, 385311
66970, 389632
66990, 356410
67010, 378280
67030, 383075
67050, 429173
67070, 345421
67090, 358466
67110, 435208
67130, 389201
67150, 348761
67170, 376807
67190, 387302
67210, 361765
67230, 453192
67250, 430534
67270, 384619
67290, 352254
67310, 359245
67330, 409289
67350, 399261
67370, 458741
67390, 361431
67410, 437497
67430, 362743
67450, 432672
67470, 373387
67490, 374106
67510, 434436
67530, 420305
67550, 337916
67570, 351511
67590, 363506
67610, 377465
67630, 407645
67650, 412331
67670, 444935
67690, 375923
67710, 328098
67730, 340437
67750, 510632
67770, 344010
67790, 402224
67810, 429281
67830, 414597
67850, 395260
67870, 370720
67890, 426462
67910, 371370
67930, 361009
67950, 390318
67970, 388796
67990, 407254
68010, 425230
68030, 409333
68050, 386777
68070, 358767
68090, 407145
68110, 327303
68130, 435312
68150, 356125
68170, 357342
68190, 439891
68210, 364307
68230, 436884
68250, 355102
68270, 399806
68290, 366017
68310, 455344
68330, 354266
68350, 388515
68370, 348501
68390, 404581
68410, 400979
68430, 354653
68450, 425652
68470, 344933
68490, 385241
68510, 519830
68530, 357279
68550, 418990
68570, 403527
68590, 343093
68610, 378365
68630, 409380
68650, 364848
68670, 380605
68690, 381759
68710, 506564
68730, 378981
68750, 381438
68770, 396632
68790, 395426
68810, 418980
68830, 466385
68850, 339191
68870, 455904
68890, 536118
68910, 401229
68930, 389875
68950, 360917
68970, 373298
68990, 426453
69010, 384479
69030, 440671
69050, 491200
69070, 360560
69090, 367763
69110, 414710
69130, 422078
69150, 374350
69170, 430843
69190, 421386
69210, 414295
69230, 374473
69250, 416458
69270, 346098
69290, 350573
69310, 393328
69330, 471581
69350, 372399
69370, 401575
69390, 433264
69410, 418246
69430, 383053
69450, 376002
69470, 370066
69490, 390937
69510, 461946
69530, 374708
69550, 435779
69570, 413245
69590, 389124
69610, 438214
69630, 372855
69650, 426750
69670, 430838
69690, 423317
69710, 420533
69730, 435884
69750, 536652
69770, 400777
69790, 424225
69810, 393679
69830, 401023
69850, 404798
69870, 393511
69890, 385096
69910, 406712
69930, 373293
69950, 424194
69970, 374362
69990, 450778
70010, 451309
70030, 409408
70050, 379436
70070, 425878
70090, 437082
70110, 363184
70130, 417468
70150, 430256
70170, 402346
70190, 423214
70210, 386934
70230, 390928
70250, 333526
70270, 389747
70290, 371960
70310, 399043
70330, 516966
70350, 405745
70370, 438993
70390, 424994
70410, 443214
70430, 395584
70450, 387482
70470, 389262
70490, 439011
70510, 449345
70530, 443723
70550, 388414
70570, 441246
70590, 449301
70610, 386050
70630, 436019
70650, 459600
70670, 503156
70690, 423259
70710, 439168
70730, 428473
70750, 380739
70770, 363199
70790, 396901
70810, 420335
70830, 585341
70850, 369163
70870, 364106
70890, 404493
70910, 398787
70930, 407327
70950, 429390
70970, 453043
70990, 375389
71010, 442996
71030, 403612
71050, 404751
71070, 404350
71090, 401727
71110, 400391
71130, 408682
71150, 533771
71170, 376525
71190, 454199
71210, 406059
71230, 417833
71250, 446607
71270, 429817
71290, 435893
71310, 421251
71330, 401652
71350, 433714
71370, 514552
71390, 376308
71410, 406068
71430, 360314
71450, 469388
71470, 415523
71490, 382183
71510, 451047
71530, 489442
71550, 432027
71570, 439576
71590, 459391
71610, 407064
71630, 335913
71650, 394212
71670, 409392
71690, 411494
71710, 365893
71730, 425482
71750, 374281
71770, 582480
71790, 426027
71810, 424607
71830, 532022
71850, 436642
71870, 440646
71890, 362957
71910, 462511
71930, 336735
71950, 423074
71970, 415727
71990, 384497
72010, 409205
72030, 390972
72050, 385312
72070, 541138
72090, 409954
72110, 389570
72130, 467948
72150, 370833
72170, 408020
72190, 372682
72210, 491211
72230, 461773
72250, 395122
72270, 409037
72290, 374825
72310, 708550
72330, 370844
72350, 400457
72370, 453768
72390, 410062
72410, 463202
72430, 492173
72450, 424355
72470, 415286
72490, 403121
72510, 458233
72530, 545627
72550, 396572
72570, 359672
72590, 440629
72610, 392473
72630, 425038
72650, 384290
72670, 381475
72690, 417736
72710, 403065
72730, 362212
72750, 448424
72770, 475909
72790, 447667
72810, 426638
72830, 361646
72850, 425041
72870, 420440
72890, 385227
72910, 653182
72930, 460024
72950, 367321
72970, 400039
72990, 400034
73010, 490863
73030, 415376
73050, 391390
73070, 405077
73090, 441327
73110, 405213
73130, 549883
73150, 393677
73170, 408145
73190, 469476
73210, 419754
73230, 385594
73250, 449205
73270, 440197
73290, 443504
73310, 402095
73330, 386844
73350, 416411
73370, 484613
73390, 421193
73410, 428554
73430, 379843
73450, 391265
73470, 362003
73490, 432591
73510, 552403
73530, 443163
73550, 472521
73570, 362804
73590, 403117
73610, 451189
73630, 368346
73650, 437403
73670, 458877
73690, 405689
73710, 410233
73730, 483137
73750, 428828
73770, 415992
73790, 487090
73810, 401112
73830, 479096
73850, 397529
73870, 435913
73890, 500286
73910, 392324
73930, 420556
73950, 429054
73970, 499751
73990, 410310
74010, 372907
74030, 423670
74050, 420477
74070, 428884
74090, 416952
74110, 431282
74130, 412773
74150, 439190
74170, 437130
74190, 425296
74210, 480590
74230, 466792
74250, 412108
74270, 392314
74290, 375094
74310, 588411
74330, 416985
74350, 501957
74370, 386128
74390, 412255
74410, 430703
74430, 371080
74450, 395440
74470, 381599
74490, 637020
74510, 448616
74530, 462003
74550, 405780
74570, 450542
74590, 447508
74610, 481876
74630, 394475
74650, 371323
74670, 433843
74690, 522264
74710, 443064
74730, 394089
74750, 439186
74770, 462683
74790, 429933
74810, 423645
74830, 641262
74850, 411352
74870, 429613
74890, 485804
74910, 420701
74930, 494030
74950, 410129
74970, 420767
74990, 467060
75010, 476148
75030, 471112
75050, 443491
75070, 432509
75090, 526612
75110, 421194
75130, 458490
75150, 438000
75170, 436781
75190, 427355
75210, 433149
75230, 418047
75250, 448049
75270, 458211
75290, 411399
75310, 394074
75330, 433560
75350, 465358
75370, 450132
75390, 511761
75410, 400684
75430, 463343
75450, 437325
75470, 501309
75490, 506910
75510, 475054
75530, 390997
75550, 450198
75570, 456132
75590, 433572
75610, 393643
75630, 401451
75650, 504540
75670, 442825
75690, 402944
75710, 526085
75730, 470941
75750, 458386
75770, 398208
75790, 502679
75810, 456816
75830, 421171
75850, 425919
75870, 446052
75890, 413308
75910, 405990
75930, 386755
75950, 465811
75970, 523547
75990, 380608
76010, 393717
76030, 439483
76050, 470897
76070, 489236
76090, 399519
76110, 400883
76130, 512468
76150, 498888
76170, 372058
76190, 376249
76210, 451889
76230, 482210
76250, 529853
76270, 465644
76290, 567088
76310, 440348
76330, 410565
76350, 392478
76370, 436017
76390, 397602
76410, 563252
76430, 390659
76450, 464442
76470, 406648
76490, 406462
76510, 580852
76530, 519025
76550, 392598
76570, 387545
76590, 441498
76610, 423519
76630, 477027
76650, 456266
76670, 453907
76690, 560945
76710, 437930
76730, 508700
76750, 527939
76770, 472219
76790, 489391
76810, 384652
76830, 416437
76850, 446032
76870, 480326
76890, 374628
76910, 476182
76930, 394689
76950, 436944
76970, 490357
76990, 492286
77010, 431051
77030, 542050
77050, 452297
77070, 443236
77090, 409232
77110, 486950
77130, 500772
77150, 554895
77170, 495906
77190, 405459
77210, 409360
77230, 494388
77250, 464609
77270, 450249
77290, 448198
77310, 449836
77330, 451297
77350, 526501
77370, 418723
77390, 486711
77410, 477010
77430, 420166
77450, 458854
77470, 504151
77490, 429876
77510, 505241
77530, 460258
77550, 515544
77570, 444119
77590, 395979
77610, 421164
77630, 446161
77650, 428875
77670, 443670
77690, 456191
77710, 406053
77730, 384848
77750, 406237
77770, 493173
77790, 476353
77810, 436887
77830, 462247
77850, 374896
77870, 452763
77890, 447040
77910, 421546
77930, 422344
77950, 398676
77970, 411688
77990, 504965
78010, 446214
78030, 432100
78050, 487576
78070, 436656
78090, 406621
78110, 386524
78130, 417505
78150, 475551
78170, 434282
78190, 553268
78210, 488406
78230, 486515
78250, 455587
78270, 409249
78290, 413775
78310, 407343
78330, 448459
78350, 452898
78370, 589967
78390, 516767
78410, 521159
78430, 506649
78450, 417908
78470, 416107
78490, 501872
78510, 399437
78530, 470532
78550, 423088
78570, 540985
78590, 408110
78610, 440816
78630, 435125
78650, 441276
78670, 445099
78690, 481114
78710, 454104
78730, 456114
78750, 428758
78770, 413632
78790, 504580
78810, 448674
78830, 445314
78850, 447976
78870, 412917
78890, 453440
78910, 402625
78930, 507975
78950, 424120
78970, 467426
78990, 493209
79010, 397848
79030, 490160
79050, 442673
79070, 384540
79090, 444157
79110, 575893
79130, 415899
79150, 485156
79170, 450938
79190, 450162
79210, 435161
79230, 621597
79250, 387725
79270, 430982
79290, 469092
79310, 544563
79330, 526549
79350, 433453
79370, 413177
79390, 485436
79410, 435679
79430, 428798
79450, 496169
79470, 389579
79490, 453377
79510, 530435
79530, 570401
79550, 489498
79570, 459595
79590, 506627
79610, 443821
79630, 490291
79650, 466820
79670, 508059
79690, 445803
79710, 513291
79730, 538467
79750, 428549
79770, 474406
79790, 434013
79810, 446013
79830, 428849
79850, 444432
79870, 505880
79890, 483173
79910, 560598
79930, 499239
79950, 411688
79970, 502291
79990, 531635
80010, 505160
80030, 494844
80050, 443059
80070, 429111
80090, 410911
80110, 468021
80130, 460439
80150, 462438
80170, 421975
80190, 500524
80210, 477630
80230, 424412
80250, 413487
80270, 554349
80290, 454624
80310, 415145
80330, 498015
80350, 427889
80370, 472276
80390, 554048
80410, 447315
80430, 491199
80450, 433236
80470, 453874
80490, 439760
80510, 565435
80530, 507687
80550, 500882
80570, 715503
80590, 431741
80610, 475921
80630, 502542
80650, 449194
80670, 551648
80690, 447671
80710, 408441
80730, 440949
80750, 459720
80770, 542067
80790, 505173
80810, 505819
80830, 420007
80850, 462550
80870, 462408
80890, 455174
80910, 608403
80930, 460361
80950, 453296
80970, 461312
80990, 491863
81010, 491021
81030, 517352
81050, 445350
81070, 453092
81090, 435733
81110, 456512
81130, 444655
81150, 394114
81170, 413124
81190, 478291
81210, 492930
81230, 559614
81250, 440485
81270, 512351
81290, 570819
81310, 495688
81330, 479722
81350, 470917
81370, 486640
81390, 477078
81410, 442883
81430, 510025
81450, 407778
81470, 514676
81490, 447508
81510, 471973
81530, 402847
81550, 480235
81570, 473635
81590, 515426
81610, 451703
81630, 435977
81650, 499161
81670, 503943
81690, 459641
81710, 494212
81730, 431318
81750, 456101
81770, 510056
81790, 462436
81810, 478037
81830, 466318
81850, 566740
81870, 437948
81890, 496709
81910, 558012
81930, 476900
81950, 444932
81970, 444553
81990, 612845
82010, 418638
82030, 518678
82050, 485509
82070, 507057
82090, 405099
82110, 472043
82130, 467843
82150, 456694
82170, 518445
82190, 603708
82210, 436726
82230, 548377
82250, 467822
82270, 639582
82290, 512715
82310, 520171
82330, 451991
82350, 451735
82370, 452758
82390, 434210
82410, 532341
82430, 472581
82450, 426364
82470, 475518
82490, 463778
82510, 624608
82530, 522836
82550, 524141
82570, 482429
82590, 535263
82610, 486597
82630, 673016
82650, 477952
82670, 482083
82690, 544081
82710, 410973
82730, 434602
82750, 454030
82770, 488083
82790, 586643
82810, 531231
82830, 489531
82850, 412996
82870, 522660
82890, 452820
82910, 513177
82930, 495881
82950, 450634
82970, 446601
82990, 459221
83010, 454804
83030, 466992
83050, 452619
83070, 439332
83090, 504678
83110, 427288
83130, 479582
83150, 452671
83170, 494585
83190, 564085
83210, 471493
83230, 569798
83250, 524723
83270, 450124
83290, 426763
83310, 510405
83330, 495743
83350, 468860
83370, 520281
83390, 538150
83410, 675332
83430, 525122
83450, 478014
83470, 501259
83490, 477796
83510, 439227
83530, 451772
83550, 462791
83570, 709325
83590, 604950
83610, 587685
83630, 472796
83650, 476637
83670, 476396
83690, 486722
83710, 588583
83730, 624228
83750, 497296
83770, 464497
83790, 481493
83810, 502900
83830, 453220
83850, 556031
83870, 572203
83890, 578743
83910, 499785
83930, 546760
83950, 453334
83970, 544420
83990, 651486
84010, 485214
84030, 567705
84050, 605868
84070, 510689
84090, 714510
84110, 512741
84130, 527684
84150, 440676
84170, 468185
84190, 473040
84210, 451775
84230, 563930
84250, 472725
84270, 507947
84290, 504467
84310, 483690
84330, 444475
84350, 482175
84370, 532253
84390, 513564
84410, 625129
84430, 480022
84450, 633935
84470, 528119
84490, 409005
84510, 461230
84530, 545520
84550, 412757
84570, 565361
84590, 432532
84610, 560538
84630, 472361
84650, 436504
84670, 532188
84690, 531463
84710, 514422
84730, 546552
84750, 505871
84770, 520268
84790, 535709
84810, 442208
84830, 487793
84850, 517530
84870, 486063
84890, 538241
84910, 500732
84930, 618263
84950, 455178
84970, 516805
84990, 558592
85010, 515940
85030, 471133
85050, 512253
85070, 531932
85090, 573951
85110, 536983
85130, 543193
85150, 533817
85170, 534559
85190, 457530
85210, 574430
85230, 565222
85250, 560669
85270, 470910
85290, 441454
85310, 494457
85330, 466620
85350, 462488
85370, 486962
85390, 517627
85410, 490597
85430, 488267
85450, 470676
85470, 486823
85490, 578866
85510, 520848
85530, 528981
85550, 504343
85570, 583041
85590, 605817
85610, 510631
85630, 563076
85650, 511006
85670, 451420
85690, 651841
85710, 437326
85730, 455467
85750, 513010
85770, 548446
85790, 624525
85810, 509009
85830, 486425
85850, 506330
85870, 522197
85890, 507191
85910, 473422
85930, 530775
85950, 454536
85970, 540104
85990, 517307
86010, 469221
86030, 520568
86050, 461555
86070, 487663
86090, 513299
86110, 453569
86130, 456011
86150, 454940
86170, 515775
86190, 479873
86210, 565615
86230, 581615
86250, 555772
86270, 493664
86290, 474091
86310, 495871
86330, 555735
86350, 574465
86370, 521134
86390, 516940
86410, 442911
86430, 532143
86450, 452337
86470, 554712
86490, 509544
86510, 468859
86530, 448272
86550, 451341
86570, 508094
86590, 446291
86610, 494582
86630, 483356
86650, 476085
86670, 549398
86690, 542517
86710, 482652
86730, 527171
86750, 653642
86770, 571051
86790, 567299
86810, 508139
86830, 533291
86850, 456633
86870, 492380
86890, 522770
86910, 507054
86930, 550932
86950, 522709
86970, 551122
86990, 452134
87010, 513214
87030, 498614
87050, 486499
87070, 569469
87090, 506974
87110, 526156
87130, 451247
87150, 490705
87170, 495081
87190, 527659
87210, 535442
87230, 557156
87250, 502425
87270, 462076
87290, 504086
87310, 533703
87330, 663817
87350, 531470
87370, 531449
87390, 429573
87410, 515630
87430, 488511
87450, 497864
87470, 522638
87490, 450920
87510, 602058
87530, 518841
87550, 491283
87570, 529930
87590, 508977
87610, 527248
87630, 489677
87650, 522864
87670, 691305
87690, 620971
87710, 499638
87730, 624662
87750, 508917
87770, 473198
87790, 645840
87810, 454337
87830, 548979
87850, 510955
87870, 551858
87890, 575850
87910, 447207
87930, 559478
87950, 438731
87970, 547231
87990, 469443
88010, 585221
88030, 478332
88050, 518167
88070, 475934
88090, 529965
88110, 497128
88130, 478494
88150, 484759
88170, 454230
88190, 487663
88210, 525170
88230, 580755
88250, 505775
88270, 466022
88290, 537553
88310, 575042
88330, 497463
88350, 673751
88370, 552232
88390, 513032
88410, 499065
88430, 527215
88450, 586905
88470, 523650
88490, 441614
88510, 553988
88530, 491565
88550, 598853
88570, 508682
88590, 574473
88610, 510973
88630, 535406
88650, 473302
88670, 541129
88690, 508869
88710, 605384
88730, 554197
88750, 551647
88770, 696012
88790, 498433
88810, 682528
88830, 511925
88850, 558015
88870, 599856
88890, 605160
88910, 482507
88930, 521135
88950, 527618
88970, 515252
88990, 605793
89010, 676148
89030, 568225
89050, 498844
89070, 453267
89090, 534104
89110, 537351
89130, 547147
89150, 570998
89170, 567880
89190, 469984
89210, 590894
89230, 501232
89250, 724159
89270, 452954
89290, 517178
89310, 527152
89330, 506676
89350, 491430
89370, 517864
89390, 507205
89410, 542513
89430, 509837
89450, 521914
89470, 478934
89490, 506053
89510, 490917
89530, 516617
89550, 567600
89570, 475230
89590, 517434
89610, 573004
89630, 541242
89650, 553968
89670, 488482
89690, 592553
89710, 456292
89730, 499497
89750, 510136
89770, 554815
89790, 568919
89810, 546565
89830, 484883
89850, 509276
89870, 550420
89890, 555949
89910, 554610
89930, 530268
89950, 445552
89970, 695255
89990, 511653
90010, 503037
90030, 536938
90050, 573527
90070, 491266
90090, 585976
90110, 582125
90130, 525269
90150, 591338
90170, 543943
90190, 498357
90210, 601945
90230, 567105
90250, 579281
90270, 464729
90290, 615251
90310, 527880
90330, 655575
90350, 482869
90370, 514233
90390, 500320
90410, 477723
90430, 566574
90450, 501774
90470, 467217
90490, 561482
90510, 497696
90530, 610581
90550, 487772
90570, 571435
90590, 638974
90610, 655275
90630, 505660
90650, 519102
90670, 616478
90690, 666353
90710, 513332
90730, 471964
90750, 484611
90770, 505855
90790, 483005
90810, 478582
90830, 492946
90850, 668392
90870, 568860
90890, 538152
90910, 539835
90930, 514613
90950, 559643
90970, 537758
90990, 447704
91010, 472273
91030, 488335
91050, 526332
91070, 488723
91090, 480632
91110, 539227
91130, 487307
91150, 495294
91170, 515354
91190, 534948
91210, 573566
91230, 519054
91250, 581013
91270, 475384
91290, 613658
91310, 626706
91330, 577795
91350, 481858
91370, 539050
91390, 488300
91410, 706731
91430, 461119
91450, 521460
91470, 633527
91490, 547698
91510, 494678
91530, 533513
91550, 522488
91570, 562020
91590, 598808
91610, 605022
91630, 555679
91650, 522493
91670, 454722
91690, 575063
91710, 570230
91730, 551627
91750, 513628
91770, 535533
91790, 509467
91810, 444969
91830, 508588
91850, 543765
91870, 566109
91890, 661834
91910, 503407
91930, 485612
91950, 475644
91970, 544968
91990, 583042
92010, 547818
92030, 618234
92050, 520367
92070, 561952
92090, 547360
92110, 878707
92130, 775593
92150, 550654
92170, 598428
92190, 503281
92210, 572634
92230, 660134
92250, 628307
92270, 577990
92290, 513708
92310, 478533
92330, 465009
92350, 607228
92370, 615131
92390, 541054
92410, 573499
92430, 600072
92450, 477176
92470, 587062
92490, 552972
92510, 473560
92530, 516802
92550, 483727
92570, 538283
92590, 613150
92610, 581750
92630, 586456
92650, 581845
92670, 660576
92690, 530207
92710, 549631
92730, 544387
92750, 511880
92770, 538664
92790, 519876
92810, 508290
92830, 506787
92850, 498433
92870, 601806
92890, 502777
92910, 602628
92930, 602787
92950, 488874
92970, 605967
92990, 671063
93010, 628418
93030, 518522
93050, 605491
93070, 561998
93090, 571855
93110, 478871
93130, 531861
93150, 692184
93170, 512356
93190, 541047
93210, 476639
93230, 518509
93250, 588679
93270, 535768
93290, 487862
93310, 514092
93330, 613654
93350, 496614
93370, 574529
93390, 561802
93410, 490151
93430, 589454
93450, 571168
93470, 504304
93490, 640948
93510, 608151
93530, 555028
93550, 471500
93570, 522545
93590, 564475
93610, 621976
93630, 570373
93650, 576615
93670, 534347
93690, 554987
93710, 698869
93730, 560972
93750, 660564
93770, 488749
93790, 471263
93810, 693126
93830, 551277
93850, 660320
93870, 631723
93890, 477121
93910, 578587
93930, 694710
93950, 503433
93970, 481410
93990, 532230
94010, 475264
94030, 612301
94050, 517478
94070, 479105
94090, 617520
94110, 569374
94130, 572518
94150, 667103
94170, 655833
94190, 543271
94210, 619146
94230, 497251
94250, 665375
94270, 552508
94290, 578123
94310, 573965
94330, 492168
94350, 582124
94370, 566035
94390, 444474
94410, 621521
94430, 497204
94450, 568083
94470, 500845
94490, 553325
94510, 531012
94530, 512140
94550, 709193
94570, 600900
94590, 559911
94610, 592712
94630, 508580
94650, 657404
94670, 549869
94690, 475026
94710, 535984
94730, 744077
94750, 514527
94770, 480850
94790, 511782
94810, 727155
94830, 566107
94850, 612488
94870, 591199
94890, 599602
94910, 513626
94930, 547479
94950, 498400
94970, 610151
94990, 596582
95010, 617041
95030, 561623
95050, 513815
95070, 510210
95090, 621243
95110, 524977
95130, 546875
95150, 546462
95170, 602924
95190, 620901
95210, 506882
95230, 559743
95250, 717812
95270, 584033
95290, 534776
95310, 571395
95330, 487927
95350, 540579
95370, 516878
95390, 509612
95410, 521672
95430, 676274
95450, 522069
95470, 581680
95490, 559731
95510, 563696
95530, 587332
95550, 533981
95570, 506246
95590, 523512
95610, 522716
95630, 595047
95650, 556526
95670, 572994
95690, 625895
95710, 502852
95730, 538920
95750, 615347
95770, 544745
95790, 503171
95810, 583443
95830, 668858
95850, 556724
95870, 551172
95890, 514088
95910, 535943
95930, 605868
95950, 533980
95970, 553981
95990, 605245
96010, 523295
96030, 562344
96050, 662510
96070, 573790
96090, 514381
96110, 555864
96130, 540400
96150, 626859
96170, 583395
96190, 567676
96210, 529561
96230, 722353
96250, 651401
96270, 597882
96290, 589479
96310, 587977
96330, 556295
96350, 660669
96370, 677811
96390, 522200
96410, 561347
96430, 678405
96450, 544921
96470, 548078
96490, 506722
96510, 756304
96530, 629937
96550, 640331
96570, 627083
96590, 591647
96610, 605547
96630, 609843
96650, 631882
96670, 543928
96690, 548311
96710, 703347
96730, 634879
96750, 577042
96770, 514377
96790, 710023
96810, 649196
96830, 560490
96850, 618620
96870, 546073
96890, 597372
96910, 549202
96930, 578348
96950, 613376
96970, 563163
96990, 582037
97010, 524032
97030, 561508
97050, 588826
97070, 503605
97090, 555309
97110, 557655
97130, 567045
97150, 550883
97170, 589227
97190, 522324
97210, 499226
97230, 545807
97250, 564817
97270, 632097
97290, 679128
97310, 587115
97330, 541698
97350, 523881
97370, 626797
97390, 517852
97410, 683562
97430, 576407
97450, 722128
97470, 660051
97490, 616821
97510, 589723
97530, 528563
97550, 639244
97570, 534001
97590, 601640
97610, 677546
97630, 550445
97650, 525865
97670, 495998
97690, 504333
97710, 582151
97730, 601990
97750, 625616
97770, 627510
97790, 511036
97810, 523985
97830, 666797
97850, 566641
97870, 647625
97890, 560512
97910, 591464
97930, 569203
97950, 627100
97970, 572530
97990, 579934
98010, 514096
98030, 630794
98050, 547441
98070, 643429
98090, 697296
98110, 597836
98130, 496025
98150, 760164
98170, 549284
98190, 535961
98210, 607243
98230, 555993
98250, 630764
98270, 590169
98290, 580363
98310, 576327
98330, 555491
98350, 509298
98370, 513107
98390, 665795
98410, 627423
98430, 626893
98450, 690917
98470, 536570
98490, 618590
98510, 639315
98530, 607276
98550, 541843
98570, 791039
98590, 691179
98610, 535355
98630, 693675
98650, 590792
98670, 577211
98690, 575422
98710, 615991
98730, 457684
98750, 618078
98770, 586429
98790, 656825
98810, 611381
98830, 623898
98850, 580255
98870, 590128
98890, 630605
98910, 633951
98930, 762946
98950, 685713
98970, 513685
98990, 546972
99010, 551240
99030, 599908
99050, 646103
99070, 743889
99090, 571734
99110, 929431
99130, 568592
99150, 561599
99170, 510108
99190, 564898
99210, 521878
99230, 731605
99250, 547921
99270, 826225
99290, 530384
99310, 543800
99330, 543298
99350, 640153
99370, 584100
99390, 709349
99410, 611370
99430, 568816
99450, 564129
99470, 808112
99490, 646539
99510, 639679
99530, 564552
99550, 636424
99570, 676384
99590, 661779
99610, 543311
99630, 841077
99650, 618665
99670, 578868
99690, 658328
99710, 553407
99730, 590320
99750, 629047
99770, 627264
99790, 570861
99810, 577453
99830, 564800
99850, 637900
99870, 558945
99890, 562553
99910, 594089
99930, 623890
99950, 567184
99970, 670067
99990, 670338
